地方整備局等番号,開発建設部／都道府県コード,常時観測点コード,収集時間フラグ（5分間／1時間）,観測年月日,時間帯,上り・小型交通量,上り・大型交通量,上り・車種判別不能交通量,上り・停電,上り・ループ異常,上り・超音波異常,上り・欠測,下り・小型交通量,下り・大型交通量,下り・車種判別不能交通量,下り・停電,下り・ループ異常,下り・超音波異常,下り・欠測,道路種別,時間コード,lat,lng,lng2,lat2,カメラプリセット位置,気象影響による映像不良,照度不足,突発事象（交通事故等）,サーバの稼働,カメラの映像受信,映像のデコード処理,デコード映像から映像解析機能への取込加工処理の失敗,映像解析機能のフリーズ,その他エラー
86,,6110010,1,20250531,1605,41,0,0,0,0,0,0,51,8,0,0,0,0,0,3,202505311605,34.938138216795814,136.265283823013,,,,,,,,,,,,
86,,6110020,1,20250531,1605,60,4,0,0,0,0,0,50,4,0,0,0,0,0,3,202505311605,34.990936305895495,136.115165948867,,,,,,,,,,,,
86,,6110030,1,20250531,1605,50,1,9,0,0,0,0,99,1,3,0,0,0,0,3,202505311605,35.005385003512316,135.956851243972,,,,,,,,,,,,
86,,6110040,1,20250531,1605,39,3,0,0,0,0,0,53,3,0,0,0,0,0,3,202505311605,34.95699292997823,135.913501381874,,,,,,,,,,,,
86,,6110050,1,20250531,1605,71,2,0,0,0,0,0,95,3,0,0,0,0,0,3,202505311605,34.99087038445861,135.844525694847,,,,,,,,,,,,
86,,6110060,1,20250531,1605,157,6,0,0,0,0,0,183,17,0,0,0,0,0,3,202505311605,34.99142632024544,135.831109285354,,,,,,,,,,,,
86,,6110070,1,20250531,1605,113,10,0,0,0,0,0,109,7,0,0,0,0,0,3,202505311605,34.98630409707048,135.82777261734,,,,,,,,,,,,
86,,6110080,1,20250531,1605,112,16,0,0,0,0,0,119,25,0,0,0,0,0,3,202505311605,34.91099177877929,135.744452476501,,,,,,,,,,,,
86,,6110090,1,20250531,1605,126,20,0,0,0,0,0,114,19,0,0,0,0,0,3,202505311605,34.805311519271704,135.649480819702,,,,,,,,,,,,
86,,6110100,1,20250531,1605,60,5,0,0,0,0,0,52,4,0,0,0,0,0,3,202505311605,34.81945711253497,135.720393061637,,,,,,,,,,,,
86,,6110110,1,20250531,1605,83,2,0,0,0,0,0,55,4,0,0,0,0,0,3,202505311605,34.71960434074075,135.436824560165,,,,,,,,,,,,
86,,6110120,1,20250531,1605,50,5,0,0,0,0,0,84,3,0,0,0,0,0,3,202505311605,34.64078623273222,135.106242299079,,,,,,,,,,,,
86,,6110130,1,20250531,1605,197,19,0,0,0,0,0,159,18,0,0,0,0,0,3,202505311605,34.75756172115131,134.859353005886,,,,,,,,,,,,
86,,6110150,1,20250531,1605,129,15,0,0,0,0,0,124,7,0,0,0,0,0,3,202505311605,34.847425137493005,134.578367471694,,,,,,,,,,,,
86,,6110160,1,20250531,1605,101,10,0,0,0,0,0,92,6,0,0,0,0,0,3,202505311605,34.824513790274004,134.512607753276,,,,,,,,,,,,
86,,6110170,1,20250531,1605,30,1,0,0,0,0,0,42,1,0,0,0,0,0,3,202505311605,36.23649392464164,136.286623477935,,,,,,,,,,,,
86,,6110180,1,20250531,1605,34,4,0,0,0,0,0,21,1,0,0,0,0,0,3,202505311605,35.792989034822035,136.092793,,,,,,,,,,,,
86,,6110190,1,20250531,1605,8,2,0,0,0,0,0,11,1,0,0,0,0,0,3,202505311605,35.62256603460919,136.08205800000002,,,,,,,,,,,,
86,,6110200,1,20250531,1605,28,0,0,0,0,0,0,33,0,0,0,0,0,0,3,202505311605,35.319800029709974,136.279370784759,,,,,,,,,,,,
86,,6110210,1,20250531,1605,50,4,0,0,0,0,0,51,1,0,0,0,0,0,3,202505311605,35.25049070224537,136.262805461883,,,,,,,,,,,,
86,,6110220,1,20250531,1605,64,4,0,0,0,0,0,53,8,0,0,0,0,0,3,202505311605,35.135413702721344,136.168110072612,,,,,,,,,,,,
86,,6110230,1,20250531,1605,51,3,0,0,0,0,0,61,3,0,0,0,0,0,3,202505311605,35.05193480694747,136.028718352317,,,,,,,,,,,,
86,,6110240,1,20250531,1605,117,6,0,0,0,0,0,139,7,0,0,0,0,0,3,202505311605,34.97508726487281,135.666646957397,,,,,,,,,,,,
86,,6110250,1,20250531,1605,84,4,0,0,0,0,0,62,4,0,0,0,0,0,3,202505311605,35.290674394918256,135.122528672218,,,,,,,,,,,,
86,,6110260,1,20250531,1605,22,2,0,0,0,0,0,26,3,0,0,0,0,0,3,202505311605,35.33418386481987,134.859425425529,,,,,,,,,,,,
86,,6110270,1,20250531,1605,28,0,0,0,0,0,0,34,1,0,0,0,0,0,3,202505311605,35.37906081109355,134.782794713974,,,,,,,,,,,,
86,,6110280,1,20250531,1605,9,2,0,0,0,0,0,13,1,0,0,0,0,0,3,202505311605,35.39752934547739,134.617635011672,,,,,,,,,,,,
86,,6110290,1,20250531,1605,30,1,0,0,0,0,0,33,4,0,0,0,0,0,3,202505311605,35.3445505431606,136.408736407756,,,,,,,,,,,,
86,,6110300,1,20250531,1605,45,2,0,0,0,0,0,50,3,0,0,0,0,0,3,202505311605,34.929386538763445,135.767959356307,,,,,,,,,,,,
86,,6110310,1,20250531,1605,141,6,0,0,0,0,0,114,8,0,0,0,0,0,3,202505311605,34.692826863672394,135.811829566955,,,,,,,,,,,,
86,,6110320,1,20250531,1605,,,,0,0,0,1,,,,0,0,0,1,3,202505311605,34.49633103313339,135.742759,,,,,,,,,,,,
86,,6110330,1,20250531,1605,74,4,0,0,0,0,0,108,3,0,0,0,0,0,3,202505311605,34.255336527005475,135.221571922302,,,,,,,,,,,,
86,,6110340,1,20250531,1605,79,1,0,0,0,0,0,79,3,0,0,0,0,0,3,202505311605,34.59261679509626,135.476585626602,,,,,,,,,,,,
86,,6110350,1,20250531,1605,127,7,0,0,0,0,0,129,8,0,0,0,0,0,3,202505311605,34.492391818044126,135.423381328582,,,,,,,,,,,,
86,,6110361,1,20250531,1605,38,1,0,0,0,0,0,49,1,0,0,0,0,0,3,202505311605,34.27701629033371,135.164935521261,,,,,,,,,,,,
86,,6110362,1,20250531,1605,72,2,0,0,0,1,0,81,3,0,0,0,0,0,3,202505311605,34.265713194676096,135.165954437361,,,,,,,,,,,,
86,,6110370,1,20250531,1605,29,0,0,0,0,0,0,40,0,0,0,0,0,0,3,202505311605,35.61308303459727,135.971192,,,,,,,,,,,,
86,,6110380,1,20250531,1605,28,2,0,0,0,0,0,26,2,0,0,0,0,0,3,202505311605,35.486004106628485,135.463869273662,,,,,,,,,,,,
86,,6110390,1,20250531,1605,23,5,0,0,0,0,0,28,4,0,0,0,0,0,3,202505311605,35.30401991598347,135.272947382363,,,,,,,,,,,,
86,,6110410,1,20250531,1605,31,2,0,0,0,0,0,31,1,0,0,0,0,0,3,202505311605,34.99524305806187,134.558363556861,,,,,,,,,,,,
86,,6110420,1,20250531,1605,3,0,0,0,0,0,0,1,0,1,0,0,0,0,3,202505311605,35.281340854617625,134.54649746418,,,,,,,,,,,,
86,,6110430,1,20250531,1605,6,0,0,0,0,0,0,4,0,0,0,0,0,0,3,202505311605,33.577233165562106,135.427241160067,,,,,,,,,,,,
86,,6110440,1,20250531,1605,70,1,0,0,0,0,0,71,1,0,0,0,0,0,3,202505311605,34.143380032647656,135.20039,,,,,,,,,,,,
86,,6110450,1,20250531,1605,146,40,0,0,0,0,0,106,17,0,0,0,0,0,3,202505311605,34.71254919312948,135.425688028335,,,,,,,,,,,,
86,,6110460,1,20250531,1605,26,3,0,0,0,0,0,28,1,0,0,0,0,0,3,202505311605,35.431053158155514,136.016224622726,,,,,,,,,,,,
86,,6110470,1,20250531,1605,59,4,0,0,0,0,0,49,2,0,0,0,0,0,3,202505311605,35.21341864052877,135.925826132297,,,,,,,,,,,,
86,,6110500,1,20250531,1605,0,0,0,0,0,0,0,0,0,0,0,0,0,0,3,202505311605,35.10094221794055,135.892639160156,,,,,,,,,,,,
86,,6110510,1,20250531,1605,15,3,0,0,0,0,0,56,3,0,0,0,0,0,3,202505311605,35.080206671418715,135.881878137588,,,,,,,,,,,,
86,,6110520,1,20250531,1605,106,5,0,0,0,0,0,26,3,3,0,0,0,0,3,202505311605,35.00895503826151,135.838812589645,,,,,,,,,,,,
86,,6110530,1,20250531,1605,62,11,0,0,0,0,0,87,10,0,0,0,0,0,3,202505311605,34.8925928963683,135.684016942977,,,,,,,,,,,,
86,,6110540,1,20250531,1605,80,6,0,0,0,0,0,79,11,0,0,0,0,0,3,202505311605,34.686726631641484,134.982630014419,,,,,,,,,,,,
86,,6110550,1,20250531,1605,44,2,0,0,0,0,0,41,1,0,0,0,0,0,3,202505311605,35.04658141349765,134.987468719482,,,,,,,,,,,,
86,,6110650,1,20250531,1605,111,5,0,0,0,0,0,82,11,0,0,0,0,0,3,202505311605,34.53594852398045,135.777744054,,,,,,,,,,,,
86,,6110670,1,20250531,1605,83,5,0,0,0,0,0,78,12,0,0,0,0,0,3,202505311605,34.486465033119956,135.763168,,,,,,,,,,,,
86,,6110700,1,20250531,1605,45,4,0,0,0,0,0,64,3,0,0,0,0,0,3,202505311605,34.36883103295914,135.698397,,,,,,,,,,,,
86,,6110710,1,20250531,1605,53,4,0,0,0,0,0,63,4,0,0,0,0,0,3,202505311605,34.346251032928144,135.675464,,,,,,,,,,,,
86,,6110720,1,20250531,1605,52,6,0,0,0,0,0,62,5,0,0,0,0,0,3,202505311605,34.34307531292378,135.6723947,,,,,,,,,,,,
86,,6110730,1,20250531,1605,59,5,0,0,0,0,0,53,9,0,0,0,0,0,3,202505311605,34.3344353954711,135.643944740295,,,,,,,,,,,,
86,,6110740,1,20250531,1605,50,3,1,0,0,0,0,65,4,0,0,0,0,0,3,202505311605,34.32057809029414,135.595622062683,,,,,,,,,,,,
86,,6110750,1,20250531,1605,69,3,0,0,0,0,0,64,4,0,0,0,0,0,3,202505311605,34.30420703287028,135.508371,,,,,,,,,,,,
86,,6110760,1,20250531,1605,72,3,0,0,0,0,0,80,3,0,0,0,0,0,3,202505311605,34.300277802864876,135.49583333,,,,,,,,,,,,
86,,6110765,1,20250531,1605,57,3,0,0,0,0,0,72,3,0,0,0,0,0,3,202505311605,34.293299032855266,135.42037,,,,,,,,,,,,
86,,6110780,1,20250531,1605,55,4,0,0,0,0,0,57,5,0,0,0,0,0,3,202505311605,34.290835032851874,135.406025,,,,,,,,,,,,
86,,6110790,1,20250531,1605,21,0,0,0,0,0,0,32,5,0,0,0,0,0,3,202505311605,34.28766234793788,135.279854549589,,,,,,,,,,,,
86,,6110810,1,20250531,1605,6,0,0,0,0,0,0,0,0,0,0,0,0,0,3,202505311605,35.91898971813652,136.6293598948,,,,,,,,,,,,
86,,6110820,1,20250531,1605,3,0,0,0,0,0,0,1,0,0,0,0,0,0,3,202505311605,35.963561035032136,136.602468,,,,,,,,,,,,
86,,6110840,1,20250531,1605,3,1,0,0,0,0,0,11,1,0,0,0,0,0,3,202505311605,35.98949103506382,136.526729,,,,,,,,,,,,
86,,6110860,1,20250531,1605,33,1,0,0,0,0,0,43,0,0,0,0,0,0,3,202505311605,36.062580031168245,136.445198357105,,,,,,,,,,,,
86,,6110870,1,20250531,1605,45,3,0,0,0,0,0,61,1,0,0,0,0,0,3,202505311605,36.074224272699254,136.374473869296,,,,,,,,,,,,
86,,6110880,1,20250531,1605,33,5,0,0,0,0,0,50,1,0,0,0,0,0,3,202505311605,36.086521994378465,136.324462164098,,,,,,,,,,,,
86,,6110980,1,20250531,1605,30,2,0,0,0,0,0,27,1,0,0,0,0,0,3,202505311605,35.30511375498357,134.89226102828903,,,,,,,,,,,,
86,,6111020,1,20250531,1605,62,10,0,0,0,0,0,132,22,0,0,0,0,0,3,202505311605,34.61538892329484,135.8745,,,,,,,,,,,,
86,,6111030,1,20250531,1605,21,3,0,0,0,0,0,46,0,1,0,0,0,0,3,202505311605,33.670648031981166,135.947246,,,,,,,,,,,,
86,,6111040,1,20250531,1605,66,5,0,0,0,0,0,17,0,0,0,0,0,0,1,202505311605,33.74362082208521,135.40352793,,,,,,,,,,,,
86,,6111050,1,20250531,1605,38,5,0,0,0,0,0,37,0,0,0,0,0,0,1,202505311605,33.67806806199178,135.40361475,,,,,,,,,,,,
86,,6111060,1,20250531,1605,44,1,0,0,0,0,0,32,0,0,0,0,0,0,1,202505311605,33.63743103193369,135.410147,,,,,,,,,,,,
86,,6111070,1,20250531,1605,24,1,0,0,0,0,0,27,0,0,0,0,0,0,1,202505311605,33.56605113183135,135.49421066,,,,,,,,,,,,
86,,6111080,1,20250531,1605,41,3,0,0,0,0,0,26,2,0,0,0,0,0,1,202505311605,33.53123967178131,135.54653822,,,,,,,,,,,,
86,,6111090,1,20250531,1605,20,1,3,0,0,0,0,27,1,0,0,0,0,0,3,202505311605,33.620083251908845,135.91802864,,,,,,,,,,,,
86,,6111094,1,20250531,1605,29,0,0,0,0,0,0,32,0,3,0,0,0,0,3,202505311605,33.73308003207021,136.004619,,,,,,,,,,,,
86,,6111100,1,20250531,1605,36,2,0,0,0,0,0,49,5,0,0,0,0,0,3,202505311605,34.29138892285263,135.3613889,,,,,,,,,,,,
87,,7110100,1,20250531,1605,7,1,0,0,0,0,0,9,1,0,0,0,0,0,3,202505311605,35.525440034486614,134.401402,,,,,,,,,,,,
87,,7110120,1,20250531,1605,,,,0,0,0,1,,,,0,0,0,1,3,202505311605,35.52073503448066,133.602321,,,,,,,,,,,,
87,,7110130,1,20250531,1605,78,4,0,0,0,0,0,91,8,0,0,0,0,0,3,202505311605,35.41880503435098,133.370183,,,,,,,,,,,,
87,,7110220,1,20250531,1605,8,2,0,0,0,0,0,5,2,0,0,0,0,0,3,202505311605,35.19265103405972,134.203535,,,,,,,,,,,,
87,,7310050,1,20250531,1605,9,1,0,0,0,0,0,10,1,0,0,0,0,0,3,202505311605,35.52642103448786,134.014803,,,,,,,,,,,,
87,,7310070,1,20250531,1605,21,1,0,0,0,0,0,25,0,0,0,0,0,0,3,202505311605,35.51442503447265,134.020507,,,,,,,,,,,,
87,,7310080,1,20250531,1605,,,,0,0,0,1,,,,0,0,0,1,3,202505311605,35.50773503446417,133.951629,,,,,,,,,,,,
87,,7310100,1,20250531,1605,18,0,0,0,0,0,0,19,1,0,0,0,0,0,3,202505311605,35.508808034465545,133.493736,,,,,,,,,,,,
87,,7310130,1,20250531,1605,29,2,0,0,0,0,0,42,0,0,0,0,0,0,3,202505311605,35.419582034351976,134.259336,,,,,,,,,,,,
87,,7310190,1,20250531,1605,0,0,0,0,0,1,0,0,0,0,0,0,1,0,3,202505311605,35.48752003443851,134.19798,,,,,,,,,,,,
87,,7310200,1,20250531,1605,45,0,0,0,0,0,0,53,1,0,0,0,0,0,3,202505311605,35.56082603453137,134.284636,,,,,,,,,,,,
87,,7310210,1,20250531,1605,61,1,0,0,0,0,0,70,5,0,0,0,0,0,3,202505311605,35.50841503446504,133.518074,,,,,,,,,,,,
87,,7310220,1,20250531,1605,43,1,0,0,0,0,0,57,2,0,0,0,0,0,3,202505311605,35.527027804488625,134.13269444,,,,,,,,,,,,
87,,7310230,1,20250531,1605,100,6,0,0,0,0,0,47,3,0,0,0,0,0,3,202505311605,35.51102780446835,134.20186111,,,,,,,,,,,,
87,,7310240,1,20250531,1605,31,1,0,0,0,0,0,21,0,0,0,0,0,0,3,202505311605,35.397000034323106,134.20377777,,,,,,,,,,,,
87,,7310250,1,20250531,1605,25,2,0,0,0,0,0,10,0,0,0,0,0,0,3,202505311605,35.21870003409352,134.3247,,,,,,,,,,,,
87,,7310610,1,20250531,1605,59,4,0,0,0,0,0,3,2,0,0,0,0,0,3,202505311605,35.49457003444746,134.1603,,,,,,,,,,,,
87,,7310620,1,20250531,1605,62,3,0,0,0,0,0,63,2,0,0,0,0,0,3,202505311605,35.50153003445631,134.0804,,,,,,,,,,,,
87,,7310630,1,20250531,1605,64,3,0,0,0,0,0,64,5,0,0,0,0,0,3,202505311605,35.49990003445423,134.0626,,,,,,,,,,,,
87,,7310640,1,20250531,1605,40,4,0,0,0,0,0,38,4,0,0,0,0,0,3,202505311605,35.50860003446527,134.0108,,,,,,,,,,,,
87,,7360010,1,20250531,1605,15,5,0,0,0,0,0,14,1,0,0,0,0,0,1,202505311605,35.032454033850506,134.387568,,,,,,,,,,,,
87,,7360020,1,20250531,1605,19,0,0,0,0,0,0,12,3,0,0,0,0,0,1,202505311605,35.07606803390771,134.346092,,,,,,,,,,,,
87,,7360030,1,20250531,1605,0,0,0,0,0,0,0,43,11,0,0,0,0,0,3,202505311605,35.238191034118756,134.286932,,,,,,,,,,,,
87,,7360040,1,20250531,1605,18,2,0,0,0,0,0,0,0,0,0,0,0,0,3,202505311605,35.284722034178905,134.227547,,,,,,,,,,,,
87,,7360060,1,20250531,1605,24,2,0,0,0,0,0,0,0,0,0,0,0,0,1,202505311605,35.35362703426754,134.194581,,,,,,,,,,,,
87,,7360070,1,20250531,1605,0,0,0,0,0,0,0,37,11,0,0,0,0,0,1,202505311605,35.37911003430021,134.204798,,,,,,,,,,,,
87,,7360080,1,20250531,1605,56,3,0,0,0,0,0,0,0,0,0,0,0,0,1,202505311605,35.39104203431548,134.20339,,,,,,,,,,,,
87,,7360090,1,20250531,1605,47,1,0,0,0,0,0,40,8,0,0,0,0,0,1,202505311605,35.40772703433684,134.206955,,,,,,,,,,,,
87,,7360100,1,20250531,1605,44,2,0,0,0,0,0,20,3,0,0,0,0,0,1,202505311605,35.45862225662396,134.193141666666,,,,,,,,,,,,
87,,7360110,1,20250531,1605,18,2,0,0,0,0,0,13,1,0,0,0,0,0,1,202505311605,35.113784033957025,134.331458,,,,,,,,,,,,
88,,8110010,1,20250531,1605,24,2,0,0,0,0,0,28,4,0,0,0,0,0,3,202505311605,34.2207184500313,134.411544799804,,,,,,,,,,,,
88,,8110020,1,20250531,1605,135,8,0,0,0,0,0,89,6,0,0,0,0,0,3,202505311605,34.30277465209332,134.084776639938,,,,,,,,,,,,
88,,8110030,1,20250531,1605,120,7,0,0,0,0,0,65,9,0,0,0,0,0,3,202505311605,34.29671450737887,133.946895003318,,,,,,,,,,,,
88,,8110040,1,20250531,1605,51,2,0,0,0,0,0,49,3,0,0,0,0,0,3,202505311605,34.17417938671837,133.715951442718,,,,,,,,,,,,
88,,8110050,1,20250531,1605,50,0,0,0,0,0,0,49,1,0,0,0,0,0,3,202505311605,33.91236267641698,133.20324182510302,,,,,,,,,,,,
88,,8110060,1,20250531,1605,44,1,2,0,0,0,0,52,8,1,0,0,0,0,3,202505311605,33.82431235182997,132.984384298324,,,,,,,,,,,,
88,,8110070,1,20250531,1605,58,2,0,0,0,0,0,54,3,0,0,0,0,0,3,202505311605,34.28544169692582,134.00050163269,,,,,,,,,,,,
88,,8110080,1,20250531,1605,15,1,0,0,0,0,0,17,1,0,0,0,0,0,3,202505311605,34.10608825909625,133.799223303794,,,,,,,,,,,,
88,,8110090,1,20250531,1605,46,0,1,0,0,0,0,41,1,0,0,0,0,0,3,202505311605,34.028957826825085,133.828164339065,,,,,,,,,,,,
88,,8110100,1,20250531,1605,19,2,0,0,0,0,0,10,0,0,0,0,0,0,3,202505311605,33.950764901704936,133.764853477478,,,,,,,,,,,,
88,,8110110,1,20250531,1605,11,1,0,0,0,1,0,43,3,0,0,0,0,0,3,202505311605,33.58909346194513,133.626092746853,,,,,,,,,,,,
88,,8110115,1,20250531,1605,43,1,0,0,0,0,0,46,3,0,0,0,0,0,3,202505311605,33.548205918990114,133.451582193374,,,,,,,,,,,,
88,,8110120,1,20250531,1605,61,2,0,0,0,0,0,58,4,0,0,0,0,0,3,202505311605,33.543133969132924,133.402808904647,,,,,,,,,,,,
88,,8110130,1,20250531,1605,59,1,0,0,0,0,0,78,3,1,0,0,0,0,3,202505311605,33.7476978963593,132.791587114334,,,,,,,,,,,,
88,,8110131,1,20250531,1605,30,1,0,0,0,0,0,21,2,0,0,0,0,0,3,202505311605,33.793408870729856,134.592427611351,,,,,,,,,,,,
88,,8110140,1,20250531,1605,20,1,0,0,0,0,0,7,1,0,0,0,0,0,3,202505311605,33.63466659400443,134.369745254516,,,,,,,,,,,,
88,,8110142,1,20250531,1605,25,1,0,0,0,0,0,20,0,0,0,0,0,0,3,202505311605,33.74774819013548,134.53964678124,,,,,,,,,,,,
88,,8110150,1,20250531,1605,6,0,0,0,0,0,0,6,3,0,0,0,0,0,3,202505311605,33.54318503179848,134.2936,,,,,,,,,,,,
88,,8110151,1,20250531,1605,23,0,0,0,0,0,0,18,0,0,0,0,0,0,3,202505311605,33.42133103162269,134.025327,,,,,,,,,,,,
88,,8110160,1,20250531,1605,26,3,0,0,0,0,0,39,2,0,0,0,0,0,3,202505311605,33.53924497073882,133.738444460766,,,,,,,,,,,,
88,,8110161,1,20250531,1605,39,5,0,0,0,0,0,33,1,0,0,0,0,0,3,202505311605,33.520916544031145,133.780702650547,,,,,,,,,,,,
88,,8110162,1,20250531,1605,57,3,0,0,0,0,0,40,0,0,0,0,0,0,3,202505311605,33.550342371512876,133.740176352243,,,,,,,,,,,,
88,,8110163,1,20250531,1605,70,4,0,0,0,0,0,49,0,0,0,0,0,0,3,202505311605,33.55352220956595,133.721816021769,,,,,,,,,,,,
88,,8110164,1,20250531,1605,14,3,0,0,0,0,0,18,2,0,0,0,0,0,3,202505311605,33.57127484589016,133.574287891387,,,,,,,,,,,,
88,,8110165,1,20250531,1605,85,7,0,0,0,0,0,58,4,0,0,0,0,0,3,202505311605,33.56026408468244,133.633757829666,,,,,,,,,,,,
88,,8110166,1,20250531,1605,89,6,0,0,0,0,0,46,0,0,0,0,0,0,3,202505311605,33.540965031795295,133.601005,,,,,,,,,,,,
88,,8110167,1,20250531,1605,39,5,0,0,0,0,0,27,1,0,0,0,0,0,3,202505311605,33.5424317654246,133.583077945611,,,,,,,,,,,,
88,,8110170,1,20250531,1605,32,0,0,0,0,0,0,33,3,0,0,0,0,0,3,202505311605,33.485055031714765,133.373125,,,,,,,,,,,,
88,,8110171,1,20250531,1605,27,2,0,0,0,0,0,27,0,0,0,0,0,0,3,202505311605,33.40395558523113,133.288643360137,,,,,,,,,,,,
88,,8110172,1,20250531,1605,21,4,0,0,0,0,0,25,1,0,0,0,0,0,3,202505311605,33.39236677628474,133.278601169586,,,,,,,,,,,,
88,,8110174,1,20250531,1605,29,2,0,0,0,0,0,23,0,0,0,0,0,0,3,202505311605,33.18330330083646,133.144855499267,,,,,,,,,,,,
88,,8110180,1,20250531,1605,7,1,0,0,0,0,0,4,0,0,0,0,0,0,3,202505311605,33.35817590038214,133.253152370452,,,,,,,,,,,,
88,,8110181,1,20250531,1605,17,0,0,0,0,0,0,17,0,0,0,0,0,0,3,202505311605,32.974388919857596,132.933138888889,,,,,,,,,,,,
88,,8110182,1,20250531,1605,22,3,0,0,0,0,0,29,1,0,0,0,0,0,3,202505311605,32.96811114207051,132.872277777778,,,,,,,,,,,,
88,,8110183,1,20250531,1605,22,1,0,0,0,0,0,11,0,0,0,0,0,0,3,202505311605,32.95902780872377,132.776972222222,,,,,,,,,,,,
88,,8110190,1,20250531,1605,16,1,0,0,0,0,0,12,0,0,0,0,0,0,3,202505311605,32.96996536793415,132.68920719623503,,,,,,,,,,,,
88,,8110191,1,20250531,1605,21,3,0,0,0,0,0,18,2,0,0,0,0,0,3,202505311605,33.13903103121127,132.517477,,,,,,,,,,,,
88,,8110192,1,20250531,1605,27,2,0,0,0,0,0,29,1,0,0,0,0,0,3,202505311605,33.14590213224344,132.52205863595,,,,,,,,,,,,
88,,8110200,1,20250531,1605,19,0,0,0,0,0,0,13,0,0,0,0,0,0,3,202505311605,33.325562031483756,132.5285,,,,,,,,,,,,
88,,8110210,1,20250531,1605,106,6,7,0,0,0,0,112,2,5,0,0,0,0,3,202505311605,33.81637909326473,132.744826823472,,,,,,,,,,,,
88,,8110230,1,20250531,1605,53,1,0,0,0,0,0,49,1,0,0,0,0,0,3,202505311605,34.07022914227441,134.461130797863,,,,,,,,,,,,
88,,8110231,1,20250531,1605,43,2,0,0,0,0,0,38,5,0,0,0,0,0,3,202505311605,34.03847794648641,134.520513564348,,,,,,,,,,,,
88,,8110232,1,20250531,1605,43,2,0,0,0,0,0,54,5,0,0,0,0,0,3,202505311605,34.04120064204002,134.531005024909,,,,,,,,,,,,
88,,8110240,1,20250531,1605,39,3,0,0,0,0,0,35,2,0,0,0,0,0,3,202505311605,34.03149633348104,132.829599380493,,,,,,,,,,,,
88,,8110250,1,20250531,1605,41,0,0,0,0,0,0,40,0,0,0,0,0,0,3,202505311605,33.93004373774009,133.094837665557,,,,,,,,,,,,
88,,8111021,1,20250531,1605,37,4,0,0,0,0,0,37,1,0,0,0,0,0,3,202505311605,33.50191403173908,133.309236,,,,,,,,,,,,
88,,8160020,1,20250531,1605,59,2,0,0,0,0,0,28,1,0,0,0,0,0,1,202505311605,33.331092031491806,133.206098,,,,,,,,,,,,
88,,8160030,1,20250531,1605,32,5,0,0,0,0,0,22,1,0,0,0,0,0,1,202505311605,33.23544203135242,133.159939,,,,,,,,,,,,
88,,8160040,1,20250531,1605,60,0,0,0,0,0,0,42,2,0,0,0,0,0,1,202505311605,33.24742026280611,132.570131868124,,,,,,,,,,,,
88,,8160050,1,20250531,1605,54,1,0,0,0,0,0,44,2,0,0,0,0,0,1,202505311605,33.33622666521378,132.557060122489,,,,,,,,,,,,
88,,8160060,1,20250531,1605,28,1,0,0,0,0,0,29,5,0,0,0,0,0,1,202505311605,34.056139032526026,134.588624,,,,,,,,,,,,
88,,8310010,1,20250531,1605,130,3,0,0,0,0,0,112,5,0,0,0,0,0,3,202505311605,34.152121047215225,134.579402804374,,,,,,,,,,,,
88,,8310020,1,20250531,1605,38,3,0,0,0,0,0,51,3,0,0,0,0,0,3,202505311605,34.335875041773484,134.151295423507,,,,,,,,,,,,
88,,8310030,1,20250531,1605,41,0,2,0,0,0,0,69,1,0,0,0,0,0,3,202505311605,33.79997204409725,132.86443054676,,,,,,,,,,,,
88,,8310040,1,20250531,1605,101,4,0,0,0,0,0,74,4,0,0,0,0,0,3,202505311605,34.239532652899726,133.895906209945,,,,,,,,,,,,
88,,8310050,1,20250531,1605,5,1,0,0,0,0,0,7,1,0,0,0,0,0,3,202505311605,33.797668032162,133.760304,,,,,,,,,,,,
88,,8310060,1,20250531,1605,12,1,0,0,0,0,0,9,2,0,0,0,0,0,3,202505311605,33.54154672048833,133.042341470718,,,,,,,,,,,,
88,,8310061,1,20250531,1605,74,2,0,0,0,0,0,70,5,0,0,0,0,0,3,202505311605,33.80675451706518,132.745272070169,,,,,,,,,,,,
88,,8310062,1,20250531,1605,37,3,0,0,0,0,0,31,6,0,0,0,0,0,3,202505311605,33.814776032186245,132.720319,,,,,,,,,,,,
88,,8310070,1,20250531,1605,121,3,0,0,0,0,0,118,1,0,0,0,0,0,3,202505311605,34.0102656781917,134.566428959369,,,,,,,,,,,,
88,,8310080,1,20250531,1605,64,2,0,0,0,0,0,60,3,0,0,0,0,0,3,202505311605,33.9732071371816,134.633932113647,,,,,,,,,,,,
88,,8310090,1,20250531,1605,2,0,0,0,0,0,0,2,0,0,0,0,0,0,3,202505311605,33.16601659984814,133.133375644683,,,,,,,,,,,,
88,,8310110,1,20250531,1605,28,2,0,0,0,0,0,17,3,0,0,0,0,0,3,202505311605,33.4066250316014,132.509843,,,,,,,,,,,,
88,,8310120,1,20250531,1605,63,0,0,0,0,0,0,58,2,0,0,0,0,0,3,202505311605,33.504510031742804,132.56675,,,,,,,,,,,,
88,,8310130,1,20250531,1605,47,2,0,0,0,0,0,32,4,0,0,0,0,0,3,202505311605,33.53462955300938,132.597781419754,,,,,,,,,,,,
88,,8310140,1,20250531,1605,37,0,0,0,0,0,0,44,1,0,0,0,0,0,3,202505311605,33.6125750318981,132.68712,,,,,,,,,,,,
88,,8310150,1,20250531,1605,19,1,0,0,0,0,0,10,0,0,0,0,0,0,3,202505311605,34.0401782523243,134.018440246582,,,,,,,,,,,,
88,,8310160,1,20250531,1605,64,3,1,0,0,0,0,48,1,0,0,0,0,0,3,202505311605,33.89056122326423,132.757075130939,,,,,,,,,,,,
86,,6810010,1,20250531,1605,,,,,,,,,,,,,,,3,202505311605,34.89694403367168,136.336111,,,1,,0,,0,0,0,0,,0
86,,6810020,1,20250531,1605,,,,,,,,,,,,,,,3,202505311605,34.97777803377855,135.901667,,,1,,0,,0,0,0,0,,0
86,,6810030,1,20250531,1605,,,,,,,,,,,,,,,3,202505311605,35.00527803381478,136.094722,,,1,,0,,0,1,1,0,,0
86,,6810040,1,20250531,1605,,,,,,,,,,,,,,,3,202505311605,34.98861103379282,135.788056,,,1,,0,,0,0,0,0,,0
86,,6810050,1,20250531,1605,,,,,,,,,,,,,,,3,202505311605,34.987222033791,135.75305600000002,,,1,,0,,0,0,0,0,,0
86,,6810089,1,20250531,1605,,,,,,,,,,,,,,,3,202505311605,34.978118033779,135.908546,,,1,,0,,0,0,0,0,,0
86,,6810090,1,20250531,1605,,,,,,,,,,,,,,,3,202505311605,34.83138903358458,135.72305600000004,,,1,,0,,0,0,0,0,,0
86,,6810100,1,20250531,1605,,,,,,,,,,,,,,,3,202505311605,34.83138903358458,135.723889,,,1,,0,,0,0,0,0,,0
86,,6810135,1,20250531,1605,17,18,,,,,,36,0,,,,,,3,202505311605,36.18333336529846,136.26777780000003,,,0,,0,,0,0,0,0,,0
86,,6810140,1,20250531,1605,50,13,,,,,,72,10,,,,,,3,202505311605,36.14305603525003,136.263889,,,0,,0,,0,0,0,0,,0
86,,6810150,1,20250531,1605,,,,,,,,,,,,,,,3,202505311605,36.0772220351705,136.244444,,,1,,0,,0,0,0,0,,0
86,,6810160,1,20250531,1605,,,,,,,,,,,,,,,3,202505311605,36.02444403510641,136.218333,,,1,,0,,0,0,0,0,,0
86,,6810165,1,20250531,1605,104,10,,,,,,90,6,,,,,,3,202505311605,35.980555595052905,136.1958333,,,0,,0,,0,0,0,0,,0
86,,6810170,1,20250531,1605,,,,,,,,,,,,,,,3,202505311605,35.95555603502233,136.188889,,,1,,0,,0,0,0,0,,0
86,,6810180,1,20250531,1605,29,4,,,,,,54,4,,,,,,3,202505311605,35.878333034927515,136.169444,,,0,,0,,0,0,0,0,,0
86,,6810190,1,20250531,1605,,,,,,,,,,,,,,,3,202505311605,35.719444034730536,136.094722,,,1,,0,,0,0,0,0,,0
86,,6810200,1,20250531,1605,17,0,,,,,,7,0,,,,,,3,202505311605,35.66555603466316,136.083056,,,0,,0,,0,0,0,0,,0
86,,6810220,1,20250531,1605,10,3,,,,,,11,1,,,,,,3,202505311605,35.60416703458605,136.107222,,,0,,0,,0,0,0,0,,0
86,,6810230,1,20250531,1605,,,,,,,,,,,,,,,3,202505311605,35.57603003455058,136.122756,,,1,,0,,0,0,0,0,,0
86,,6810240,1,20250531,1605,,,,,,,,,,,,,,,3,202505311605,35.512778034470564,136.173333,,,1,,0,,0,0,0,0,,0
86,,6810241,1,20250531,1605,,,,,,,,,,,,,,,3,202505311605,35.4322160343681,136.245092,,,1,,0,,0,0,0,0,,0
86,,6810250,1,20250531,1605,,,,,,,,,,,,,,,3,202505311605,35.27555603416706,136.269444,,,1,,0,,0,0,0,0,,0
86,,6810260,1,20250531,1605,,,,,,,,,,,,,,,3,202505311605,35.11611103396005,136.128333,,,1,,0,,0,0,0,0,,0
86,,6810270,1,20250531,1605,,,,,,,,,,,,,,,3,202505311605,35.091944033928485,136.089722,,,1,,0,,0,0,0,0,,0
86,,6810280,1,20250531,1605,,,,,,,,,,,,,,,3,202505311605,35.66000003465618,136.084722,,,1,,0,,0,0,0,0,,0
86,,6810290,1,20250531,1605,,,,,,,,,,,,,,,3,202505311605,34.996111033802705,135.722222,,,1,,0,,0,0,0,0,,0
86,,6810300,1,20250531,1605,0,0,,,,,,45,5,,,,,,3,202505311605,34.981944033784046,135.693056,,,0,,0,,0,0,0,0,,0
86,,6810310,1,20250531,1605,78,4,,,,,,0,0,,,,,,3,202505311605,34.981944033784046,135.692917,,,0,,0,,0,0,0,0,,0
86,,6810320,1,20250531,1605,,,,,,,,,,,,,,,3,202505311605,34.992500033797945,135.64750000000004,,,1,,0,,0,0,0,0,,0
86,,6810330,1,20250531,1605,40,14,,,,,,11,1,,,,,,3,202505311605,34.989722033794294,135.636667,,,0,,0,,0,0,0,0,,0
86,,6810340,1,20250531,1605,10,0,,,,,,2,0,,,,,,3,202505311605,35.12222203396803,135.439444,,,0,,0,,0,0,0,0,,0
86,,6810343,1,20250531,1605,,,,,,,,,,,,,,,3,202505311605,35.18777781405339,135.3219444,,,1,,0,,0,0,0,0,,0
86,,6810344,1,20250531,1605,30,8,,,,,,17,3,,,,,,3,202505311605,35.24583336412865,135.2161111,,,0,,0,,0,0,0,0,,0
86,,6810346,1,20250531,1605,39,2,,,,,,45,5,,,,,,3,202505311605,35.28305559417674,135.1777778,,,0,,0,,0,0,0,0,,0
86,,6810348,1,20250531,1605,53,5,,,,,,58,3,,,,,,3,202505311605,35.3139820342166,135.101491,,,0,,0,,0,0,0,0,,0
86,,6810420,1,20250531,1605,,,,,,,,,,,,,,,3,202505311605,35.33111103423862,136.352222,,,1,,0,,0,0,0,0,,0
86,,6810500,1,20250531,1605,,,,,,,,,,,,,,,3,202505311605,34.58000003324698,135.466581,,,1,,0,,0,0,0,0,,0
86,,6810510,1,20250531,1605,22,1,,,,,,0,0,,,,,,3,202505311605,34.5797220332466,135.466581,,,0,,0,,0,0,0,0,,0
86,,6810540,1,20250531,1605,,,,,,,,,,,,,,,3,202505311605,34.36000003294702,135.269444,,,1,,0,,0,0,0,0,,0
86,,6810550,1,20250531,1605,0,0,,,,,,94,4,,,,,,3,202505311605,34.32270003289575,135.19756,,,0,,0,,0,0,0,0,,0
86,,6810580,1,20250531,1605,51,4,,,,,,13,0,,,,,,3,202505311605,35.633611034623065,136.021389,,,0,,0,,0,0,0,0,,0
86,,6810590,1,20250531,1605,,,,,,,,,,,,,,,3,202505311605,35.58083303455663,135.910417,,,1,,0,,0,0,0,0,,0
86,,6810610,1,20250531,1605,0,0,,,,,,0,0,,,,,,3,202505311605,35.469444034415524,135.825,,,0,,0,,0,0,0,0,,0
86,,6810620,1,20250531,1605,37,2,,,,,,0,0,,,,,,3,202505311605,35.483056034432835,135.666111,,,0,,0,,0,0,0,0,,0
86,,6810630,1,20250531,1605,,,,,,,,,,,,,,,3,202505311605,35.48805603443919,135.595833,,,1,,0,,0,0,0,0,,0
86,,6810660,1,20250531,1605,24,0,,,,,,23,4,,,,,,3,202505311605,35.48083303443001,135.421389,,,0,,0,,0,0,0,0,,0
86,,6810667,1,20250531,1605,41,2,,,,,,40,2,,,,,,3,202505311605,35.46027781440387,135.3566667,,,0,,0,,0,0,0,0,,0
86,,6810670,1,20250531,1605,51,5,,,,,,45,3,,,,,,3,202505311605,35.414167034345056,135.333056,,,0,,0,,0,0,0,0,,0
86,,6810671,1,20250531,1605,33,6,,,,,,32,3,,,,,,3,202505311605,35.37888892429992,135.3169444,,,0,,0,,0,0,0,0,,0
86,,6810700,1,20250531,1605,58,10,,,,,,40,4,,,,,,3,202505311605,34.47239203310078,134.945572,,,0,,0,,0,0,0,0,,0
86,,6810710,1,20250531,1605,1,1,,,,,,34,1,,,,,,3,202505311605,34.40363603300684,134.896767,,,0,,0,,0,0,0,0,,0
86,,6810720,1,20250531,1605,25,2,,,,,,30,3,,,,,,3,202505311605,34.26169203281165,134.728943,,,0,,0,,0,0,0,0,,0
86,,6810980,1,20250531,1605,,,,,,,,,,,,,,,3,202505311605,34.652222033344536,135.48972200000003,,,1,,0,,0,0,0,0,,0
86,,6810990,1,20250531,1605,,,,,,,,,,,,,,,3,202505311605,35.551944034520155,136.098333,,,1,,0,,0,0,0,0,,0
86,,6811000,1,20250531,1605,,,,,,,,,,,,,,,3,202505311605,35.530000034492396,136.094444,,,1,,0,,0,0,0,0,,0
86,,6811010,1,20250531,1605,,,,,,,,,,,,,,,3,202505311605,35.47888903442754,136.083056,,,1,,0,,0,0,0,0,,0
86,,6811020,1,20250531,1605,39,3,,,,,,44,6,,,,,,3,202505311605,35.39750003432375,136.024722,,,0,,0,,0,0,0,0,,0
86,,6811030,1,20250531,1605,,,,,,,,,,,,,,,3,202505311605,35.28722203418211,136.018056,,,1,,0,,0,0,0,0,,0
86,,6811040,1,20250531,1605,,,,,,,,,,,,,,,3,202505311605,35.24777803413116,135.960556,,,1,,0,,0,0,0,0,,0
86,,6811050,1,20250531,1605,,,,,,,,,,,,,,,3,202505311605,35.237778034118236,135.943333,,,1,,0,,0,1,1,0,,0
86,,6811080,1,20250531,1605,,,,,,,,,,,,,,,3,202505311605,34.71861103343382,135.569444,,,1,,0,,0,0,0,0,,0
86,,6811140,1,20250531,1605,0,0,,,,,,0,0,,,,,,3,202505311605,34.81806403356681,135.3196,,,0,,0,,0,1,1,0,,0
86,,6811260,1,20250531,1605,26,1,,,,,,24,4,,,,,,3,202505311605,35.01754603383091,136.023618,,,0,,0,,0,0,0,0,,0
88,,8810010,1,20250531,1605,,,,,,,,,,,,,,,3,202505311605,34.22576903276199,134.506281,,,1,0,0,0,0,0,0,0,0,0
88,,8810040,1,20250531,1605,19,4,0,,,,,24,3,0,,,,,3,202505311605,34.21202803274294,134.426444,,,0,0,0,0,0,0,0,0,0,0
88,,8810050,1,20250531,1605,42,0,0,,,,,34,3,0,,,,,3,202505311605,34.2426940327854,134.369389,,,0,0,0,0,0,0,0,0,0,0
88,,8810060,1,20250531,1605,,,,,,,,,,,,,,,3,202505311605,34.24194403278437,134.333056,,,1,0,0,0,0,0,0,0,0,0
88,,8810070,1,20250531,1605,37,1,0,,,,,25,1,0,,,,,3,202505311605,34.3096610328778,134.235686,,,0,0,0,0,0,0,0,0,0,0
88,,8810080,1,20250531,1605,31,3,0,,,,,50,2,0,,,,,3,202505311605,34.323825032897304,134.203003,,,0,0,0,0,0,0,0,0,0,0
88,,8810090,1,20250531,1605,,,,,,,,105,13,0,,,,,3,202505311605,34.31055603287904,134.040556,,,0,0,0,0,0,0,0,0,0,0
88,,8810100,1,20250531,1605,115,6,0,,,,,,,,,,,,3,202505311605,34.31083303287942,134.040833,,,0,0,0,0,0,0,0,0,0,0
88,,8810110,1,20250531,1605,93,9,0,,,,,88,3,0,,,,,3,202505311605,34.296344462859466,133.9267892,,,0,0,0,0,0,0,0,0,0,0
88,,8810120,1,20250531,1605,73,1,0,,,,,58,2,0,,,,,3,202505311605,34.30830303287593,133.886,,,0,0,0,0,0,0,0,0,0,0
88,,8810130,1,20250531,1605,118,6,0,,,,,111,1,0,,,,,3,202505311605,34.28116903283854,133.818719,,,0,0,0,0,0,0,0,0,0,0
88,,8810150,1,20250531,1605,,,,,,,,,,,,,,,3,202505311605,33.79388903215663,132.931944,,,1,0,0,0,0,0,0,0,0,0
88,,8810160,1,20250531,1605,,,,,,,,,,,,,,,3,202505311605,34.251008032796896,133.916925,,,1,0,0,0,0,0,0,0,0,0
88,,8810170,1,20250531,1605,42,2,0,,,,,47,5,0,,,,,3,202505311605,34.183472032703364,133.834944,,,0,0,0,0,0,0,0,0,0,0
88,,8810180,1,20250531,1605,25,0,0,,,,,27,0,0,,,,,3,202505311605,34.15741703266719,133.82277800000003,,,0,0,0,0,0,0,0,0,0,0
88,,8810210,1,20250531,1605,25,4,0,,,,,24,4,0,,,,,3,202505311605,34.02985603248925,133.814811,,,0,0,0,0,0,0,0,0,0,0
88,,8810220,1,20250531,1605,,,,,,,,,,,,,,,3,202505311605,33.99827503244498,133.788456,,,1,0,0,0,0,0,0,0,0,0
88,,8810270,1,20250531,1605,7,3,0,,,,,11,2,0,,,,,3,202505311605,33.699149792021856,133.6898053,,,0,0,0,0,0,0,0,0,0,0
88,,8810310,1,20250531,1605,,,,,,,,,,,,,,,3,202505311605,33.65416703195762,133.66,,,1,0,0,0,0,0,0,0,0,0
88,,8810350,1,20250531,1605,36,0,0,,,,,20,0,0,,,,,3,202505311605,33.54658334180337,133.423537,,,0,0,0,0,0,0,0,0,0,0
88,,8810380,1,20250531,1605,,,,,,,,,,,,,,,3,202505311605,33.555000031815474,133.139444,,,1,0,0,0,0,0,0,0,0,0
88,,8810400,1,20250531,1605,,,,,,,,,,,,,,,3,202505311605,33.58111103185298,132.9925,,,1,0,0,0,0,0,0,0,0,0
88,,8810410,1,20250531,1605,8,1,0,,,,,17,4,0,,,,,3,202505311605,33.61805603190595,132.933333,,,0,0,0,0,0,0,0,0,0,0
88,,8810420,1,20250531,1605,,,,,,,,,,,,,,,3,202505311605,33.62777803191986,132.916389,,,1,0,0,0,0,0,0,0,0,0
88,,8810430,1,20250531,1605,,,,,,,,,,,,,,,3,202505311605,33.646667031946905,132.905833,,,1,0,0,0,0,0,0,0,0,0
88,,8810450,1,20250531,1605,21,1,0,,,,,34,4,0,,,,,3,202505311605,33.68178252199708,132.8835762,,,0,0,0,0,0,0,0,0,0,0
88,,8810510,1,20250531,1605,,,,,,,,,,,,,,,3,202505311605,33.73555603207373,132.811667,,,1,0,0,0,0,0,0,0,0,0
88,,8810520,1,20250531,1605,,,,,,,,,,,,,,,6,202505311605,33.80277803216924,132.7775,,,1,0,0,0,0,0,0,0,0,0
88,,8810530,1,20250531,1605,,,,,,,,,,,,,,,3,202505311605,33.80679213217494,132.7455604,,,1,0,0,0,0,0,0,0,0,0
88,,8810560,1,20250531,1605,,,,,,,,,,,,,,,3,202505311605,33.883114032282926,134.645522,,,1,0,0,0,0,0,0,0,0,0
88,,8810570,1,20250531,1605,,,,,,,,,,,,,,,3,202505311605,33.87310303226879,134.637228,,,1,0,0,0,0,0,0,0,0,0
88,,8810580,1,20250531,1605,,,,,,,,,,,,,,,3,202505311605,33.8064830321745,134.590708,,,1,0,0,0,0,0,0,0,0,0
88,,8810640,1,20250531,1605,,,,,,,,,,,,,,,3,202505311605,33.72289703205572,134.519397,,,1,0,0,0,0,0,0,0,0,0
88,,8810660,1,20250531,1605,12,1,0,,,,,29,1,0,,,,,3,202505311605,33.66041903196656,134.406369,,,0,0,0,0,0,0,0,0,0,0
88,,8810670,1,20250531,1605,,,,,,,,,,,,,,,3,202505311605,33.58200303185425,134.323467,,,1,0,0,0,0,0,0,0,0,0
88,,8810690,1,20250531,1605,,,,,,,,,,,,,,,3,202505311605,33.49111103172349,134.261667,,,1,0,0,0,0,0,0,0,0,0
88,,8810720,1,20250531,1605,,,,,,,,,,,,,,,3,202505311605,33.33499901149748,134.1973409,,,1,0,0,0,0,0,0,0,0,0
88,,8810730,1,20250531,1605,0,0,0,,,,,1,0,0,,,,,3,202505311605,33.2510477313752,134.1807112,,,0,0,0,0,0,0,0,0,0,0
88,,8810740,1,20250531,1605,,,,,,,,,,,,,,,3,202505311605,33.29972203144615,134.123333,,,1,0,0,0,0,0,0,0,0,0
88,,8810750,1,20250531,1605,,,,,,,,,,,,,,,3,202505311605,33.371439791550394,134.039855,,,1,0,0,0,0,0,0,0,0,0
88,,8810760,1,20250531,1605,22,0,0,,,,,27,1,0,,,,,3,202505311605,33.42416703162678,134.023333,,,0,0,0,0,0,0,0,0,0,0
88,,8810780,1,20250531,1605,30,1,0,,,,,40,3,0,,,,,3,202505311605,33.441944031652504,133.966111,,,0,0,0,0,0,0,0,0,0,0
88,,8810820,1,20250531,1605,40,4,0,,,,,59,4,0,,,,,3,202505311605,33.5033880317412,133.878652,,,0,0,0,0,0,0,0,0,0,0
88,,8810840,1,20250531,1605,,,,,,,,,,,,,,,3,202505311605,33.525000031772315,133.760278,,,1,0,0,0,0,0,0,0,0,0
88,,8810850,1,20250531,1605,,,,,,,,,,,,,,,3,202505311605,33.42055603162157,133.301944,,,1,0,0,0,0,0,0,0,0,0
88,,8810880,1,20250531,1605,,,,,,,,,,,,,,,3,202505311605,33.3074340314574,133.179556,,,1,0,0,0,0,0,0,0,0,0
88,,8810890,1,20250531,1605,5,0,0,,,,,7,2,0,,,,,3,202505311605,33.28855103142989,133.172023,,,0,0,0,0,0,0,0,0,0,0
88,,8810910,1,20250531,1605,7,1,0,,,,,6,1,0,,,,,3,202505311605,33.266597031397886,133.171467,,,0,0,0,0,0,0,0,0,0,0
88,,8810920,1,20250531,1605,43,0,0,,,,,30,1,0,,,,,3,202505311605,33.21880803132811,133.140708,,,0,0,0,0,0,0,0,0,0,0
88,,8810940,1,20250531,1605,,,,,,,,,,,,,,,3,202505311605,33.0089042010197,132.9856986,,,1,0,0,0,0,0,0,0,0,0
88,,8810960,1,20250531,1605,15,2,0,,,,,14,4,0,,,,,3,202505311605,32.97816103097427,132.889125,,,0,0,0,0,0,0,0,0,0,0
88,,8810970,1,20250531,1605,13,6,0,,,,,16,3,0,,,,,3,202505311605,32.977644030973515,132.885636,,,0,0,0,0,0,0,0,0,0,0
88,,8811000,1,20250531,1605,23,2,0,,,,,31,1,0,,,,,3,202505311605,32.96687203095758,132.865489,,,0,0,0,0,0,0,0,0,0,0
88,,8811020,1,20250531,1605,,,,,,,,,,,,,,,3,202505311605,32.96457803095418,132.816661,,,1,0,0,0,0,0,0,0,0,0
88,,8811040,1,20250531,1605,20,0,0,,,,,0,0,0,,,,,3,202505311605,32.95833303094494,132.796389,,,0,0,0,0,0,0,0,0,0,0
88,,8811050,1,20250531,1605,,,,,,,,,,,,,,,3,202505311605,32.93641403091248,132.736475,,,1,0,0,0,0,0,0,0,0,0
88,,8811070,1,20250531,1605,11,1,0,,,,,19,0,0,,,,,3,202505311605,32.970303030962654,132.665209,,,0,0,0,0,0,0,0,0,0,0
88,,8811080,1,20250531,1605,16,2,0,,,,,16,0,0,,,,,3,202505311605,32.95232903093605,132.60067,,,0,0,0,0,0,0,0,0,0,0
88,,8811090,1,20250531,1605,,,,,,,,,,,,,,,3,202505311605,32.9541190309387,132.584276,,,1,0,0,0,0,0,0,0,0,0
88,,8811110,1,20250531,1605,20,1,0,,,,,20,4,0,,,,,3,202505311605,33.04654603107523,132.48536,,,0,0,0,0,0,0,0,0,0,0
88,,8811130,1,20250531,1605,16,0,0,,,,,13,2,0,,,,,3,202505311605,33.0789110311229,132.49507,,,0,0,0,0,0,0,0,0,0,0
88,,8811140,1,20250531,1605,12,0,0,,,,,12,1,0,,,,,3,202505311605,33.11350003117377,132.518333,,,0,0,0,0,0,0,0,0,0,0
88,,8811150,1,20250531,1605,24,5,0,,,,,20,3,0,,,,,3,202505311605,33.12469803119022,132.521282,,,0,0,0,0,0,0,0,0,0,0
88,,8811170,1,20250531,1605,3,0,0,,,,,24,2,0,,,,,3,202505311605,33.49517003172935,132.54537,,,0,0,0,0,0,0,0,0,0,0
88,,8811180,1,20250531,1605,8,0,0,,,,,7,2,0,,,,,3,202505311605,33.15677703123728,132.5469,,,0,0,0,0,0,0,0,0,0,0
88,,8811190,1,20250531,1605,20,3,0,,,,,19,1,0,,,,,3,202505311605,33.264024031394136,132.552651,,,0,0,0,0,0,0,0,0,0,0
88,,8811210,1,20250531,1605,64,5,0,,,,,77,2,0,,,,,3,202505311605,33.23340003134943,132.559577,,,0,0,0,0,0,0,0,0,0,0
88,,8811220,1,20250531,1605,28,4,0,,,,,29,1,0,,,,,3,202505311605,33.21975503132949,132.55883,,,0,0,0,0,0,0,0,0,0,0
88,,8811230,1,20250531,1605,49,13,0,,,,,51,2,0,,,,,3,202505311605,33.21400003132108,132.545961,,,0,0,0,0,0,0,0,0,0,0
88,,8811240,1,20250531,1605,24,2,0,,,,,33,3,0,,,,,3,202505311605,33.187563031282394,132.543219,,,0,0,0,0,0,0,0,0,0,0
88,,8811250,1,20250531,1605,,,,,,,,,,,,,,,3,202505311605,33.623917031914345,132.69675,,,1,0,0,0,0,0,0,0,0,0
88,,8811270,1,20250531,1605,,,,,,,,,,,,,,,3,202505311605,33.65575003195989,132.708361,,,1,0,0,0,0,0,0,0,0,0
88,,8811300,1,20250531,1605,,,,,,,,,,,,,,,3,202505311605,33.701111032024656,132.7075,,,1,0,0,0,0,0,0,0,0,0
88,,8811320,1,20250531,1605,,,,,,,,,,,,,,,3,202505311605,33.99242782243679,133.6034113,,,1,0,0,0,0,0,0,0,0,0
88,,8811360,1,20250531,1605,,,,,,,,,,,,,,,3,202505311605,34.015556032469206,133.77361100000002,,,1,0,0,0,0,0,0,0,0,0
88,,8811430,1,20250531,1605,,,,,,,,,,,,,,,3,202505311605,33.981944032422064,132.778333,,,1,0,0,0,0,0,0,0,0,0
88,,8811450,1,20250531,1605,,,,,,,,,,,,,,,3,202505311605,33.98044403241997,133.057088,,,1,0,0,0,0,0,0,0,0,0
89,,9810010,1,20250531,1605,89,4,0,,,,,103,3,0,,,,,3,202505311605,33.86852803226232,130.79675,,,0,0,0,0,0,0,0,0,0,0
89,,9810020,1,20250531,1605,97,2,0,,,,,97,5,0,,,,,3,202505311605,33.835259032215276,130.608521,,,0,0,0,0,0,0,0,0,0,0
89,,9810030,1,20250531,1605,,,,,,,,,,,,,,,3,202505311605,33.78978203215081,130.567337,,,1,0,0,0,0,0,0,0,0,0
89,,9810040,1,20250531,1605,190,14,0,,,,,188,16,0,,,,,3,202505311605,33.744955032087105,130.488242,,,0,0,0,0,0,0,0,0,0,0
89,,9810050,1,20250531,1605,192,3,0,,,,,150,9,0,,,,,3,202505311605,33.73691203207566,130.478193,,,0,0,0,0,0,0,0,0,0,0
89,,9810070,1,20250531,1605,153,10,0,,,,,133,11,0,,,,,3,202505311605,33.52600403177376,130.49557,,,0,0,0,0,0,0,0,0,0,0
89,,9810080,1,20250531,1605,131,5,0,,,,,139,6,0,,,,,3,202505311605,33.51100303175216,130.511069,,,0,0,0,0,0,0,0,0,0,0
89,,9810090,1,20250531,1605,147,4,0,,,,,152,8,0,,,,,3,202505311605,33.510200031751005,130.520977,,,0,0,0,0,0,0,0,0,0,0
89,,9810100,1,20250531,1605,75,8,0,,,,,87,6,0,,,,,3,202505311605,33.477797031704284,130.53932,,,0,0,0,0,0,0,0,0,0,0
89,,9810110,1,20250531,1605,109,11,0,,,,,90,6,0,,,,,3,202505311605,33.44687903165964,130.541025,,,0,0,0,0,0,0,0,0,0,0
89,,9810120,1,20250531,1605,29,8,0,,,,,51,11,0,,,,,3,202505311605,33.33966203150427,130.525942,,,0,0,0,0,0,0,0,0,0,0
89,,9810130,1,20250531,1605,31,6,0,,,,,18,3,0,,,,,3,202505311605,33.19870703129871,130.60119,,,0,0,0,0,0,0,0,0,0,0
89,,9810140,1,20250531,1605,30,4,0,,,,,16,5,0,,,,,3,202505311605,33.170447031257325,130.617432,,,0,0,0,0,0,0,0,0,0,0
89,,9810150,1,20250531,1605,144,7,0,,,,,137,4,0,,,,,3,202505311605,33.86806903226167,130.775199,,,0,0,0,0,0,0,0,0,0,0
89,,9810160,1,20250531,1605,120,7,0,,,,,,,,,,,,3,202505311605,33.86432503225638,130.74688,,,0,0,0,0,0,0,0,0,0,0
89,,9810170,1,20250531,1605,111,5,0,,,,,96,5,0,,,,,3,202505311605,33.648732031949855,130.441499,,,0,0,0,0,0,0,0,0,0,0
89,,9810180,1,20250531,1605,153,9,0,,,,,171,9,0,,,,,3,202505311605,33.61500003190157,130.438611,,,0,0,0,0,0,0,0,0,0,0
89,,9810190,1,20250531,1605,94,9,0,,,,,78,6,0,,,,,3,202505311605,33.4496850316637,130.546326,,,0,0,0,0,0,0,0,0,0,0
89,,9810200,1,20250531,1605,,,,,,,,,,,,,,,3,202505311605,33.41916903161956,130.532642,,,1,0,0,0,0,0,0,0,0,0
89,,9810210,1,20250531,1605,43,3,0,,,,,40,1,0,,,,,3,202505311605,32.92737203089908,130.698429,,,0,0,0,0,0,0,0,0,0,0
89,,9810230,1,20250531,1605,12,1,0,,,,,11,1,0,,,,,3,202505311605,32.33541003001024,130.485852,,,0,0,0,0,0,0,0,0,0,0
89,,9810250,1,20250531,1605,,,,,,,,,,,,,,,3,202505311605,32.10065202965169,130.308808,,,1,0,0,0,0,0,0,0,0,0
89,,9810260,1,20250531,1605,,,,,,,,,,,,,,,3,202505311605,32.06933302960361,130.240833,,,1,0,0,0,0,0,0,0,0,0
89,,9810270,1,20250531,1605,,,,,,,,,,,,,,,3,202505311605,32.05996802958923,130.223169,,,1,0,0,0,0,0,0,0,0,0
89,,9810280,1,20250531,1605,,,,,,,,,,,,,,,3,202505311605,32.00103302949858,130.195866,,,1,0,0,0,0,0,0,0,0,0
89,,9810290,1,20250531,1605,,,,,,,,,,,,,,,3,202505311605,31.77354502914685,130.301221,,,1,0,0,0,0,0,0,0,0,0
89,,9810300,1,20250531,1605,,,,,,,,,,,,,,,3,202505311605,31.752394029113987,130.297198,,,1,0,0,0,0,0,0,0,0,0
89,,9810310,1,20250531,1605,,,,,,,,,,,,,,,3,202505311605,31.671780028988586,130.334671,,,1,0,0,0,0,0,0,0,0,0
89,,9810320,1,20250531,1605,41,5,0,,,,,74,5,0,,,,,3,202505311605,31.644384028945897,130.514685,,,0,0,0,0,0,0,0,0,0,0
89,,9810330,1,20250531,1605,93,9,0,,,,,58,4,0,,,,,3,202505311605,31.593127028865894,130.55217,,,0,0,0,0,0,0,0,0,0,0
89,,9810340,1,20250531,1605,,,,,,,,,,,,,,,3,202505311605,31.774587029148464,130.294585,,,1,0,0,0,0,0,0,0,0,0
89,,9810350,1,20250531,1605,,,,,,,,82,3,0,,,,,3,202505311605,31.586173028855043,130.521497,,,0,0,0,0,0,0,0,0,0,0
89,,9810360,1,20250531,1605,70,4,0,,,,,44,4,0,,,,,3,202505311605,33.6356250319311,131.074923,,,0,0,0,0,0,0,0,0,0,0
89,,9810370,1,20250531,1605,,,,,,,,,,,,,,,3,202505311605,33.60811903189171,131.1134,,,1,0,0,0,0,0,0,0,0,0
89,,9810380,1,20250531,1605,25,1,0,,,,,53,7,0,,,,,3,202505311605,33.55407703181414,131.25154,,,0,0,0,0,0,0,0,0,0,0
89,,9810390,1,20250531,1605,32,1,0,,,,,35,0,0,,,,,3,202505311605,33.47356403169818,131.495973,,,0,0,0,0,0,0,0,0,0,0
89,,9810400,1,20250531,1605,49,1,0,,,,,31,5,0,,,,,3,202505311605,33.4199570316207,131.549075,,,0,0,0,0,0,0,0,0,0,0
89,,9810410,1,20250531,1605,,,,,,,,,,,,,,,3,202505311605,33.35718603152971,131.497308,,,1,0,0,0,0,0,0,0,0,0
89,,9810420,1,20250531,1605,43,0,0,,,,,235,10,0,,,,,3,202505311605,33.28844603142974,131.50415600000002,,,0,0,0,0,0,0,0,0,0,0
89,,9810430,1,20250531,1605,85,9,0,,,,,89,2,0,,,,,3,202505311605,33.1773230312674,131.619615,,,0,0,0,0,0,0,0,0,0,0
89,,9810440,1,20250531,1605,,,,,,,,85,5,0,,,,,3,202505311605,33.091164031140934,131.647172,,,0,0,0,0,0,0,0,0,0,0
89,,9810450,1,20250531,1605,0,0,0,,,,,0,0,0,,,,,3,202505311605,33.07813503112177,131.638559,,,0,0,0,0,0,0,0,0,0,0
89,,9810460,1,20250531,1605,30,1,0,,,,,40,9,0,,,,,3,202505311605,33.03375103105637,131.689156,,,0,0,0,0,0,0,0,0,0,0
89,,9810470,1,20250531,1605,11,0,0,,,,,16,3,0,,,,,3,202505311605,33.001599031008915,131.788698,,,0,0,0,0,0,0,0,0,0,0
89,,9810480,1,20250531,1605,22,0,0,,,,,22,3,0,,,,,3,202505311605,32.95275303093668,131.841525,,,0,0,0,0,0,0,0,0,0,0
89,,9810490,1,20250531,1605,11,1,0,,,,,13,1,0,,,,,3,202505311605,32.92192503089102,131.801353,,,0,0,0,0,0,0,0,0,0,0
89,,9810500,1,20250531,1605,3,0,0,,,,,0,0,0,,,,,3,202505311605,32.84521503077709,131.718143,,,0,0,0,0,0,0,0,0,0,0
89,,9810510,1,20250531,1605,0,0,0,,,,,51,4,0,,,,,3,202505311605,33.53550003178742,131.301439,,,0,0,0,0,0,0,0,0,0,0
89,,9810520,1,20250531,1605,,,,,,,,70,4,0,,,,,3,202505311605,33.17727003126732,131.636491,,,0,0,0,0,0,0,0,0,0,0
89,,9810530,1,20250531,1605,0,0,0,,,,,2,2,0,,,,,3,202505311605,32.76588703065887,131.69922,,,0,0,0,0,0,0,0,0,0,0
89,,9810540,1,20250531,1605,3,0,0,,,,,4,1,0,,,,,3,202505311605,32.73308003060985,131.712307,,,0,0,0,0,0,0,0,0,0,0
89,,9810550,1,20250531,1605,15,2,0,,,,,14,2,0,,,,,3,202505311605,32.680641030531355,131.69547,,,0,0,0,0,0,0,0,0,0,0
89,,9810560,1,20250531,1605,20,2,0,,,,,20,3,0,,,,,3,202505311605,32.6162990304348,131.682165,,,0,0,0,0,0,0,0,0,0,0
89,,9810570,1,20250531,1605,9,0,0,,,,,87,7,0,,,,,3,202505311605,32.58759103039164,131.676921,,,0,0,0,0,0,0,0,0,0,0
89,,9810580,1,20250531,1605,91,0,0,,,,,94,2,0,,,,,3,202505311605,32.56240603035372,131.681538,,,0,0,0,0,0,0,0,0,0,0
89,,9810590,1,20250531,1605,42,3,0,,,,,60,2,0,,,,,3,202505311605,32.512945030279155,131.682071,,,0,0,0,0,0,0,0,0,0,0
89,,9810600,1,20250531,1605,112,4,0,,,,,0,0,0,,,,,3,202505311605,32.505475030267874,131.671612,,,0,0,0,0,0,0,0,0,0,0
89,,9810610,1,20250531,1605,80,4,0,,,,,84,2,0,,,,,3,202505311605,32.48380003023514,131.65983,,,0,0,0,0,0,0,0,0,0,0
89,,9810620,1,20250531,1605,93,2,0,,,,,78,3,0,,,,,3,202505311605,32.44750003018023,131.634167,,,0,0,0,0,0,0,0,0,0,0
89,,9810630,1,20250531,1605,53,6,0,,,,,55,6,0,,,,,3,202505311605,32.34169203001978,131.615818,,,0,0,0,0,0,0,0,0,0,0
89,,9810640,1,20250531,1605,,,,,,,,,,,,,,,3,202505311605,32.118920029679714,131.525151,,,1,0,0,0,0,0,0,0,0,0
89,,9810650,1,20250531,1605,,,,,,,,,,,,,,,3,202505311605,32.04093702955998,131.469141,,,1,0,0,0,0,0,0,0,0,0
89,,9810660,1,20250531,1605,,,,,,,,,,,,,,,3,202505311605,31.943136029409334,131.344339,,,1,0,0,0,0,0,0,0,0,0
89,,9810680,1,20250531,1605,,,,,,,,,,,,,,,3,202505311605,31.916759029368613,131.228421,,,1,0,0,0,0,0,0,0,0,0
89,,9810690,1,20250531,1605,,,,,,,,,,,,,,,3,202505311605,31.831007029235955,131.126939,,,1,0,0,0,0,0,0,0,0,0
89,,9810700,1,20250531,1605,,,,,,,,,,,,,,,3,202505311605,31.70972202904765,131.054167,,,1,0,0,0,0,0,0,0,0,0
89,,9810720,1,20250531,1605,15,2,0,,,,,16,4,0,,,,,3,202505311605,31.661481028972545,130.889721,,,0,0,0,0,0,0,0,0,0,0
89,,9810730,1,20250531,1605,39,2,0,,,,,51,9,0,,,,,3,202505311605,31.723242029068686,130.809578,,,0,0,0,0,0,0,0,0,0,0
89,,9810740,1,20250531,1605,64,0,0,,,,,61,4,0,,,,,3,202505311605,33.30389903145224,130.368554,,,0,0,0,0,0,0,0,0,0,0
89,,9810750,1,20250531,1605,73,5,0,,,,,95,7,0,,,,,3,202505311605,33.27419603140898,130.293549,,,0,0,0,0,0,0,0,0,0,0
89,,9810760,1,20250531,1605,,,,,,,,,,,,,,,3,202505311605,33.26474303139519,130.245086,,,1,0,0,0,0,0,0,0,0,0
89,,9810770,1,20250531,1605,,,,,,,,,,,,,,,3,202505311605,33.26041603138888,130.218458,,,1,0,0,0,0,0,0,0,0,0
89,,9810780,1,20250531,1605,82,7,0,,,,,75,7,0,,,,,3,202505311605,33.23447503135101,130.18203100000002,,,0,0,0,0,0,0,0,0,0,0
89,,9810790,1,20250531,1605,,,,,,,,,,,,,,,3,202505311605,33.22225103133315,130.172161,,,1,0,0,0,0,0,0,0,0,0
89,,9810800,1,20250531,1605,37,2,0,,,,,53,6,0,,,,,3,202505311605,33.219025031328435,130.143217,,,0,0,0,0,0,0,0,0,0,0
89,,9810810,1,20250531,1605,,,,,,,,,,,,,,,3,202505311605,33.21595003132393,130.087452,,,1,0,0,0,0,0,0,0,0,0
89,,9810820,1,20250531,1605,55,8,0,,,,,53,3,0,,,,,3,202505311605,33.21877403132806,130.052459,,,0,0,0,0,0,0,0,0,0,0
89,,9810830,1,20250531,1605,,,,,,,,,,,,,,,3,202505311605,33.207839031312076,130.047967,,,1,0,0,0,0,0,0,0,0,0
89,,9810840,1,20250531,1605,,,,,,,,,,,,,,,3,202505311605,33.07291503111407,129.960829,,,1,0,0,0,0,0,0,0,0,0
89,,9810850,1,20250531,1605,53,2,0,,,,,52,4,0,,,,,3,202505311605,32.995999031000636,129.948701,,,0,0,0,0,0,0,0,0,0,0
89,,9810860,1,20250531,1605,,,,,,,,,,,,,,,3,202505311605,32.9044610308651,129.957531,,,1,0,0,0,0,0,0,0,0,0
89,,9810870,1,20250531,1605,,,,,,,,,,,,,,,3,202505311605,32.8905010308444,129.971348,,,1,0,0,0,0,0,0,0,0,0
89,,9810880,1,20250531,1605,,,,,,,,,,,,,,,3,202505311605,32.88569203083725,130.005514,,,1,0,0,0,0,0,0,0,0,0
89,,9810890,1,20250531,1605,34,1,0,,,,,35,0,0,,,,,3,202505311605,32.87494503082128,130.02412,,,0,0,0,0,0,0,0,0,0,0
89,,9810900,1,20250531,1605,32,3,0,,,,,31,0,0,,,,,3,202505311605,32.83967403076884,130.024592,,,0,0,0,0,0,0,0,0,0,0
89,,9810910,1,20250531,1605,,,,,,,,,,,,,,,3,202505311605,33.19594003129466,129.977938,,,1,0,0,0,0,0,0,0,0,0
89,,9810920,1,20250531,1605,,,,,,,,,,,,,,,3,202505311605,33.191150031287656,129.943948,,,1,0,0,0,0,0,0,0,0,0
89,,9810930,1,20250531,1605,,,,,,,,,,,,,,,3,202505311605,33.18881403128423,129.9054,,,1,0,0,0,0,0,0,0,0,0
89,,9810940,1,20250531,1605,37,7,0,,,,,26,5,0,,,,,3,202505311605,32.97184603096493,131.383534,,,0,0,0,0,0,0,0,0,0,0
89,,9810950,1,20250531,1605,33,4,0,,,,,28,6,0,,,,,3,202505311605,32.96828103095967,131.382552,,,0,0,0,0,0,0,0,0,0,0
89,,9810960,1,20250531,1605,13,0,0,,,,,10,1,0,,,,,3,202505311605,32.96091703094877,131.248695,,,0,0,0,0,0,0,0,0,0,0
89,,9810970,1,20250531,1605,,,,,,,,,,,,,,,3,202505311605,33.03288603105509,131.537821,,,1,0,0,0,0,0,0,0,0,0
89,,9810980,1,20250531,1605,,,,,,,,,,,,,,,3,202505311605,33.00262303101042,131.45315500000004,,,1,0,0,0,0,0,0,0,0,0
89,,9810990,1,20250531,1605,13,0,0,,,,,7,0,0,,,,,3,202505311605,32.96097103094884,131.244117,,,0,0,0,0,0,0,0,0,0,0
89,,9811000,1,20250531,1605,,,,,,,,,,,,,,,3,202505311605,32.93530403091085,131.035064,,,1,0,0,0,0,0,0,0,0,0
89,,9811010,1,20250531,1605,20,0,0,,,,,68,2,0,,,,,3,202505311605,32.87672503082393,130.954853,,,0,0,0,0,0,0,0,0,0,0
89,,9811020,1,20250531,1605,47,3,0,,,,,59,2,0,,,,,3,202505311605,32.614306030431806,130.462111,,,0,0,0,0,0,0,0,0,0,0
89,,9811030,1,20250531,1605,6,0,0,,,,,1,0,0,,,,,3,202505311605,32.72539603059835,130.251342,,,0,0,0,0,0,0,0,0,0,0
89,,9811040,1,20250531,1605,2,0,0,,,,,3,1,0,,,,,3,202505311605,32.72077403059144,130.234748,,,0,0,0,0,0,0,0,0,0,0
89,,9811050,1,20250531,1605,59,4,0,,,,,41,5,0,,,,,3,202505311605,32.73587103061402,130.209003,,,0,0,0,0,0,0,0,0,0,0
89,,9811060,1,20250531,1605,,,,,,,,,,,,,,,3,202505311605,32.808908030723025,130.149506,,,1,0,0,0,0,0,0,0,0,0
89,,9811070,1,20250531,1605,12,0,0,,,,,65,2,0,,,,,3,202505311605,32.836521030764146,130.094768,,,0,0,0,0,0,0,0,0,0,0
89,,9811080,1,20250531,1605,84,2,0,,,,,95,4,0,,,,,3,202505311605,32.83196203075736,130.053336,,,0,0,0,0,0,0,0,0,0,0
89,,9811090,1,20250531,1605,,,,,,,,,,,,,,,3,202505311605,33.61888103190713,130.568781,,,1,0,0,0,0,0,0,0,0,0
89,,9811100,1,20250531,1605,15,2,0,,,,,31,3,0,,,,,3,202505311605,33.61860003190672,130.579442,,,0,0,0,0,0,0,0,0,0,0
89,,9811110,1,20250531,1605,23,2,0,,,,,22,2,0,,,,,3,202505311605,33.62194303191151,130.588462,,,0,0,0,0,0,0,0,0,0,0
89,,9811120,1,20250531,1605,,,,,,,,,,,,,,,3,202505311605,33.65684603196145,130.750269,,,1,0,0,0,0,0,0,0,0,0
89,,9811130,1,20250531,1605,12,0,0,,,,,18,2,0,,,,,3,202505311605,33.6514250319537,130.761828,,,0,0,0,0,0,0,0,0,0,0
89,,9811140,1,20250531,1605,101,6,0,,,,,0,0,0,,,,,3,202505311605,33.64137503193933,130.764099,,,0,0,0,0,0,0,0,0,0,0
89,,9811150,1,20250531,1605,,,,,,,,,,,,,,,3,202505311605,33.65331703195642,130.807798,,,1,0,0,0,0,0,0,0,0,0
89,,9811160,1,20250531,1605,,,,,,,,,,,,,,,3,202505311605,33.67846703199234,130.866756,,,1,,,,,,,,,
89,,9811180,1,20250531,1605,0,0,0,,,,,0,0,0,,,,,3,202505311605,33.6231190319132,130.671342,,,0,0,0,0,0,0,0,0,0,0
89,,9811190,1,20250531,1605,31,3,0,,,,,26,3,0,,,,,3,202505311605,33.74379703208545,130.970335,,,0,0,0,0,0,0,0,0,0,0
89,,9811200,1,20250531,1605,28,1,0,,,,,29,0,0,,,,,3,202505311605,33.54615303180275,130.159402,,,0,0,0,0,0,0,0,0,0,0
89,,9811210,1,20250531,1605,22,0,0,,,,,19,1,0,,,,,3,202505311605,33.50948303174998,130.110769,,,0,0,0,0,0,0,0,0,0,0
89,,9811220,1,20250531,1605,21,1,0,,,,,11,1,0,,,,,3,202505311605,33.501667031738705,130.069167,,,0,0,0,0,0,0,0,0,0,0
89,,9811230,1,20250531,1605,83,4,0,,,,,48,0,0,,,,,3,202505311605,33.55094403180965,130.448556,,,0,0,0,0,0,0,0,0,0,0
89,,9811240,1,20250531,1605,41,5,0,,,,,0,0,0,,,,,3,202505311605,33.522842031769216,130.168427,,,0,0,0,0,0,0,0,0,0,0
89,,9811250,1,20250531,1605,87,5,0,,,,,0,0,0,,,,,3,202505311605,33.51344603175569,130.14563,,,0,0,0,0,0,0,0,0,0,0
89,,9811260,1,20250531,1605,6,0,0,,,,,19,0,0,,,,,3,202505311605,33.45431303167039,130.042275,,,0,0,0,0,0,0,0,0,0,0
89,,9811270,1,20250531,1605,74,2,0,,,,,63,16,0,,,,,3,202505311605,33.431110031636834,129.991737,,,0,0,0,0,0,0,0,0,0,0
89,,9811280,1,20250531,1605,10,0,0,,,,,7,1,0,,,,,3,202505311605,33.348904031517684,129.933234,,,0,0,0,0,0,0,0,0,0,0
89,,9811290,1,20250531,1605,41,2,0,,,,,28,2,0,,,,,3,202505311605,33.331844031492885,129.928169,,,0,0,0,0,0,0,0,0,0,0
89,,9811300,1,20250531,1605,,,,,,,,,,,,,,,3,202505311605,33.268208031400235,129.88248900000002,,,1,0,0,0,0,0,0,0,0,0
89,,9811310,1,20250531,1605,,,,,,,,,,,,,,,3,202505311605,33.24091903136041,129.850727,,,1,0,0,0,0,0,0,0,0,0
89,,9811320,1,20250531,1605,44,4,0,,,,,21,1,0,,,,,3,202505311605,33.45989003167844,130.040128,,,0,0,0,0,0,0,0,0,0,0
89,,9811330,1,20250531,1605,,,,,,,,,,,,,,,3,202505311605,33.38450403156936,129.984455,,,1,0,0,0,0,0,0,0,0,0
89,,9811340,1,20250531,1605,13,2,0,,,,,17,4,0,,,,,6,202505311605,33.31161503146347,130.070351,,,0,0,0,0,0,0,0,0,0,0
89,,9811350,1,20250531,1605,39,3,0,,,,,46,3,0,,,,,3,202505311605,33.304966031453795,130.076971,,,0,0,0,0,0,0,0,0,0,0
89,,9811360,1,20250531,1605,,,,,,,,,,,,,,,3,202505311605,33.29002103143203,130.168151,,,1,0,0,0,0,0,0,0,0,0
89,,9811370,1,20250531,1605,,,,,,,,,,,,,,,3,202505311605,33.327444031486486,130.034833,,,1,0,0,0,0,0,0,0,0,0
89,,9811380,1,20250531,1605,,,,,,,,,,,,,,,3,202505311605,33.29362203143727,130.116435,,,1,0,0,0,0,0,0,0,0,0
89,,9811390,1,20250531,1605,62,8,0,,,,,58,6,0,,,,,3,202505311605,33.03691103106103,129.918279,,,0,0,0,0,0,0,0,0,0,0
89,,9811400,1,20250531,1605,19,4,0,,,,,27,1,0,,,,,3,202505311605,32.90829103087079,130.661481,,,0,0,0,0,0,0,0,0,0,0
89,,9811410,1,20250531,1605,55,3,0,,,,,60,3,0,,,,,3,202505311605,33.01722203103198,130.439722,,,0,0,0,0,0,0,0,0,0,0
89,,9811420,1,20250531,1605,59,3,0,,,,,51,3,0,,,,,3,202505311605,33.05710503109079,130.465234,,,0,0,0,0,0,0,0,0,0,0
89,,9811430,1,20250531,1605,0,0,0,,,,,30,3,0,,,,,3,202505311605,33.176714031266506,130.407839,,,0,0,0,0,0,0,0,0,0,0
89,,9811450,1,20250531,1605,46,1,0,,,,,48,3,0,,,,,3,202505311605,33.01280003102545,130.425184,,,0,0,0,0,0,0,0,0,0,0
89,,9811460,1,20250531,1605,73,3,0,,,,,64,5,0,,,,,3,202505311605,33.140861031213944,130.422417,,,0,0,0,0,0,0,0,0,0,0
89,,9811461,1,20250531,1605,50,8,0,,,,,56,3,0,,,,,3,202505311605,33.184560031278004,130.387933,,,0,0,0,0,0,0,0,0,0,0
89,,9811470,1,20250531,1605,47,1,0,,,,,77,7,0,,,,,3,202505311605,33.0462530310748,130.431406,,,0,0,0,0,0,0,0,0,0,0
89,,9811480,1,20250531,1605,42,2,0,,,,,62,4,0,,,,,3,202505311605,33.055717031088754,130.4292,,,0,0,0,0,0,0,0,0,0,0
89,,9811490,1,20250531,1605,69,1,0,,,,,64,10,0,,,,,3,202505311605,33.069783031109466,130.42405,,,0,0,0,0,0,0,0,0,0,0
89,,9811500,1,20250531,1605,,,,,,,,,,,,,,,3,202505311605,33.077520031120855,130.428242,,,1,0,0,0,0,0,0,0,0,0
89,,9811510,1,20250531,1605,64,4,0,,,,,61,9,0,,,,,3,202505311605,33.08238303112801,130.433017,,,0,0,0,0,0,0,0,0,0,0
89,,9811520,1,20250531,1605,52,5,0,,,,,64,1,0,,,,,3,202505311605,33.11826103118075,130.430375,,,0,0,0,0,0,0,0,0,0,0
89,,9811540,1,20250531,1605,48,2,0,,,,,48,1,0,,,,,3,202505311605,33.15753403123839,130.478771,,,0,0,0,0,0,0,0,0,0,0
89,,9811550,1,20250531,1605,,,,,,,,,,,,,,,3,202505311605,33.22942603134362,130.505954,,,1,0,0,0,0,0,0,0,0,0
89,,9811560,1,20250531,1605,0,0,0,,,,,0,0,0,,,,,3,202505311605,33.23505203135184,130.507151,,,0,0,0,0,0,0,0,0,0,0
89,,9811570,1,20250531,1605,0,0,0,,,,,0,0,0,,,,,3,202505311605,33.24799503137074,130.509483,,,0,0,0,0,0,0,0,0,0,0
89,,9811580,1,20250531,1605,0,0,0,,,,,0,0,0,,,,,3,202505311605,33.25651503138319,130.509461,,,0,0,0,0,0,0,0,0,0,0
89,,9811590,1,20250531,1605,,,,,,,,,,,,,,,3,202505311605,33.31995703147561,130.594037,,,1,0,0,0,0,0,0,0,0,0
89,,9811600,1,20250531,1605,30,1,0,,,,,33,1,0,,,,,3,202505311605,33.345255031512394,130.730893,,,0,0,0,0,0,0,0,0,0,0
89,,9811610,1,20250531,1605,3,0,0,,,,,9,4,0,,,,,3,202505311605,33.3437500315102,130.752694,,,0,0,0,0,0,0,0,0,0,0
89,,9811620,1,20250531,1605,9,0,0,,,,,7,0,0,,,,,3,202505311605,33.33338803149515,130.801953,,,0,0,0,0,0,0,0,0,0,0
89,,9811630,1,20250531,1605,35,0,0,,,,,34,0,0,,,,,3,202505311605,33.33357603149542,130.817928,,,0,0,0,0,0,0,0,0,0,0
89,,9811640,1,20250531,1605,32,2,0,,,,,32,0,0,,,,,3,202505311605,33.33658103149978,130.839667,,,0,0,0,0,0,0,0,0,0,0
89,,9811650,1,20250531,1605,0,0,0,,,,,15,1,0,,,,,3,202505311605,33.331960031493075,130.852326,,,0,0,0,0,0,0,0,0,0,0
89,,9811660,1,20250531,1605,30,2,0,,,,,15,0,0,,,,,3,202505311605,33.307732031457824,130.915379,,,0,0,0,0,0,0,0,0,0,0
89,,9811670,1,20250531,1605,52,4,0,,,,,29,2,0,,,,,3,202505311605,33.29883403144486,130.938844,,,0,0,0,0,0,0,0,0,0,0
89,,9811680,1,20250531,1605,22,2,0,,,,,12,3,0,,,,,3,202505311605,33.29818903144393,130.952388,,,0,0,0,0,0,0,0,0,0,0
89,,9811690,1,20250531,1605,,,,,,,,,,,,,,,3,202505311605,33.29921203144541,130.96937,,,1,0,0,0,0,0,0,0,0,0
89,,9811700,1,20250531,1605,59,3,0,,,,,0,0,0,,,,,3,202505311605,33.261645031390664,131.01058,,,0,0,0,0,0,0,0,0,0,0
89,,9811710,1,20250531,1605,31,4,0,,,,,34,4,0,,,,,3,202505311605,33.28000003141744,131.128611,,,0,0,0,0,0,0,0,0,0,0
89,,9811720,1,20250531,1605,29,10,0,,,,,24,2,0,,,,,3,202505311605,33.237877031355964,131.175263,,,0,0,0,0,0,0,0,0,0,0
89,,9811730,1,20250531,1605,,,,,,,,,,,,,,,3,202505311605,33.2405000313598,131.224187,,,1,0,0,0,0,0,0,0,0,0
89,,9811740,1,20250531,1605,9,1,0,,,,,22,4,0,,,,,3,202505311605,33.25496403138093,131.328533,,,0,0,0,0,0,0,0,0,0,0
89,,9811750,1,20250531,1605,9,2,0,,,,,31,4,0,,,,,3,202505311605,33.23715803135492,131.323213,,,0,0,0,0,0,0,0,0,0,0
89,,9811760,1,20250531,1605,40,3,0,,,,,44,2,0,,,,,3,202505311605,33.18331803127619,131.452171,,,0,0,0,0,0,0,0,0,0,0
89,,9811770,1,20250531,1605,,,,,,,,,,,,,,,3,202505311605,31.760789029127036,131.4707,,,1,0,0,0,0,0,0,0,0,0
89,,9811780,1,20250531,1605,18,3,0,,,,,9,0,0,,,,,3,202505311605,31.559046028812634,131.38327000000004,,,0,0,0,0,0,0,0,0,0,0
89,,9811790,1,20250531,1605,,,,,,,,,,,,,,,3,202505311605,31.547715028794922,131.378628,,,1,0,0,0,0,0,0,0,0,0
89,,9811810,1,20250531,1605,,,,,,,,,,,,,,,3,202505311605,31.45214102864519,131.212192,,,1,0,0,0,0,0,0,0,0,0
89,,9811820,1,20250531,1605,,,,,,,,,,,,,,,3,202505311605,31.46555602866623,131.154444,,,1,0,0,0,0,0,0,0,0,0
89,,9811830,1,20250531,1605,,,,,,,,,,,,,,,3,202505311605,31.447659028638157,131.051761,,,1,0,0,0,0,0,0,0,0,0
89,,9811840,1,20250531,1605,,,,,,,,,,,,,,,3,202505311605,31.388108028544615,130.811533,,,1,0,0,0,0,0,0,0,0,0
89,,9811850,1,20250531,1605,,,,,,,,,,,,,,,3,202505311605,31.41813502859181,130.764377,,,1,0,0,0,0,0,0,0,0,0
89,,9811860,1,20250531,1605,,,,,,,,,,,,,,,3,202505311605,31.542976028787507,130.706877,,,1,0,0,0,0,0,0,0,0,0
89,,9811870,1,20250531,1605,,,,,,,,,,,,,,,3,202505311605,31.557778028810663,130.718333,,,1,0,0,0,0,0,0,0,0,0
89,,9811880,1,20250531,1605,,,,,,,,,,,,,,,3,202505311605,31.647658028950993,130.819552,,,1,0,0,0,0,0,0,0,0,0
89,,9811890,1,20250531,1605,,,,,,,,,,,,,,,3,202505311605,31.413693028584817,130.760963,,,1,0,0,0,0,0,0,0,0,0
89,,9811900,1,20250531,1605,,,,,,,,,,,,,,,3,202505311605,31.27982902837409,130.291795,,,1,0,0,0,0,0,0,0,0,0
89,,9811910,1,20250531,1605,6,7,0,,,,,15,0,0,,,,,3,202505311605,31.2913800283923,130.293564,,,0,0,0,0,0,0,0,0,0,0
89,,9811920,1,20250531,1605,10,0,0,,,,,14,1,0,,,,,3,202505311605,31.327343028448986,130.334728,,,0,0,0,0,0,0,0,0,0,0
89,,9811930,1,20250531,1605,31,3,0,,,,,48,2,0,,,,,3,202505311605,31.494637028711818,130.506308,,,0,0,0,0,0,0,0,0,0,0
89,,9811940,1,20250531,1605,69,1,0,,,,,66,1,0,,,,,3,202505311605,31.527877028763886,130.521631,,,0,0,0,0,0,0,0,0,0,0
89,,9811950,1,20250531,1605,39,4,0,,,,,48,4,0,,,,,3,202505311605,31.289730028389716,130.60717200000002,,,0,0,0,0,0,0,0,0,0,0
89,,9811960,1,20250531,1605,32,2,0,,,,,8,0,0,,,,,3,202505311605,31.323917028443603,130.564308,,,0,0,0,0,0,0,0,0,0,0
89,,9811970,1,20250531,1605,,,,,,,,,,,,,,,3,202505311605,31.466390028667544,130.513245,,,1,0,0,0,0,0,0,0,0,0
89,,9811980,1,20250531,1605,28,1,0,,,,,27,1,0,,,,,3,202505311605,33.34976603151893,129.764492,,,0,0,0,0,0,0,0,0,0,0
89,,9812010,1,20250531,1605,141,9,0,,,,,149,8,0,,,,,3,202505311605,33.13956403121204,129.784069,,,0,0,0,0,0,0,0,0,0,0
89,,9812020,1,20250531,1605,19,3,0,,,,,30,1,0,,,,,3,202505311605,33.28640603142677,130.150153,,,0,0,0,0,0,0,0,0,0,0
89,,9812030,1,20250531,1605,54,6,0,,,,,52,1,0,,,,,3,202505311605,33.0852950311323,131.637799,,,0,0,0,0,0,0,0,0,0,0
89,,9812040,1,20250531,1605,8,3,0,,,,,49,3,0,,,,,3,202505311605,32.56861103036308,131.553056,,,0,0,0,0,0,0,0,0,0,0
89,,9812050,1,20250531,1605,112,6,0,,,,,115,23,0,,,,,3,202505311605,33.55027803180869,130.478333,,,0,0,0,0,0,0,0,0,0,0
89,,9812060,1,20250531,1605,,,,,,,,,,,,,,,3,202505311605,32.92625003089743,131.00539,,,1,0,0,0,0,0,0,0,0,0
89,,9812070,1,20250531,1605,,,,,,,,,,,,,,,3,202505311605,32.90000003085849,130.933611,,,1,0,0,0,0,0,0,0,0,0
89,,9812080,1,20250531,1605,55,3,0,,,,,42,1,0,,,,,3,202505311605,33.27595303141153,130.319462,,,0,0,0,0,0,0,0,0,0,0
89,,9812090,1,20250531,1605,,,,,,,,,,,,,,,3,202505311605,33.59653803187511,130.611685,,,1,,,,,,,,,
89,,9812100,1,20250531,1605,49,4,0,,,,,77,3,0,,,,,3,202505311605,33.05235003108379,130.430417,,,0,0,0,0,0,0,0,0,0,0
89,,9812110,1,20250531,1605,113,10,0,,,,,115,1,0,,,,,3,202505311605,33.15888903124039,129.761111,,,0,0,0,0,0,0,0,0,0,0
89,,9812120,1,20250531,1605,93,3,0,,,,,68,0,0,,,,,3,202505311605,31.737096029090242,130.677414,,,0,0,0,0,0,0,0,0,0,0
89,,9812130,1,20250531,1605,42,0,0,,,,,49,6,0,,,,,3,202505311605,33.32114903147733,130.391671,,,0,0,0,0,0,0,0,0,0,0
89,,9812140,1,20250531,1605,4,0,0,,,,,2,0,0,,,,,3,202505311605,32.733917030611096,130.31245,,,0,0,0,0,0,0,0,0,0,0
